creative_package_id,thumbnail_brief_id,main_text,visual_metaphor,emotion,layout_suggestion,risk_notes
cp_1_6da1126338,cp_1_6da1126338_tb1,tema clave,señal vs ruido,claridad,texto corto lado izquierdo + elemento visual lado derecho,evitar promesas absolutas y claims no verificables
cp_2_2da6afcf08,cp_2_2da6afcf08_tb1,tema clave,señal vs ruido,claridad,texto corto lado izquierdo + elemento visual lado derecho,evitar promesas absolutas y claims no verificables
cp_3_0699f40aac,cp_3_0699f40aac_tb1,tema clave,señal vs ruido,claridad,texto corto lado izquierdo + elemento visual lado derecho,evitar promesas absolutas y claims no verificables
cp_4_4564e721b3,cp_4_4564e721b3_tb1,tema clave,señal vs ruido,claridad,texto corto lado izquierdo + elemento visual lado derecho,evitar promesas absolutas y claims no verificables
cp_5_68fa66b1d3,cp_5_68fa66b1d3_tb1,tema clave,señal vs ruido,claridad,texto corto lado izquierdo + elemento visual lado derecho,evitar promesas absolutas y claims no verificables
cp_6_e45fbd4632,cp_6_e45fbd4632_tb1,tema clave,señal vs ruido,claridad,texto corto lado izquierdo + elemento visual lado derecho,evitar promesas absolutas y claims no verificables
cp_7_7425c2e92d,cp_7_7425c2e92d_tb1,tema clave,señal vs ruido,claridad,texto corto lado izquierdo + elemento visual lado derecho,evitar promesas absolutas y claims no verificables
cp_8_15fae77e59,cp_8_15fae77e59_tb1,tema clave,señal vs ruido,claridad,texto corto lado izquierdo + elemento visual lado derecho,evitar promesas absolutas y claims no verificables
cp_9_8c1a568b3b,cp_9_8c1a568b3b_tb1,tema clave,señal vs ruido,claridad,texto corto lado izquierdo + elemento visual lado derecho,evitar promesas absolutas y claims no verificables
cp_10_fb498b7875,cp_10_fb498b7875_tb1,tema clave,señal vs ruido,claridad,texto corto lado izquierdo + elemento visual lado derecho,evitar promesas absolutas y claims no verificables
cp_11_219fab6d4a,cp_11_219fab6d4a_tb1,tema clave,señal vs ruido,claridad,texto corto lado izquierdo + elemento visual lado derecho,evitar promesas absolutas y claims no verificables
cp_12_1cc8bc853d,cp_12_1cc8bc853d_tb1,tema clave,señal vs ruido,claridad,texto corto lado izquierdo + elemento visual lado derecho,evitar promesas absolutas y claims no verificables
cp_13_a932f8767d,cp_13_a932f8767d_tb1,tema clave,señal vs ruido,claridad,texto corto lado izquierdo + elemento visual lado derecho,evitar promesas absolutas y claims no verificables
cp_14_b62d97ffb3,cp_14_b62d97ffb3_tb1,tema clave,señal vs ruido,claridad,texto corto lado izquierdo + elemento visual lado derecho,evitar promesas absolutas y claims no verificables
cp_15_ab12c7d97d,cp_15_ab12c7d97d_tb1,tema clave,señal vs ruido,claridad,texto corto lado izquierdo + elemento visual lado derecho,evitar promesas absolutas y claims no verificables
cp_16_805c8a1835,cp_16_805c8a1835_tb1,create_fast_reaction,señal vs ruido,claridad,texto corto lado izquierdo + elemento visual lado derecho,evitar promesas absolutas y claims no verificables
cp_17_355b454069,cp_17_355b454069_tb1,tema clave,señal vs ruido,claridad,texto corto lado izquierdo + elemento visual lado derecho,evitar promesas absolutas y claims no verificables
cp_18_5e0c25b854,cp_18_5e0c25b854_tb1,tema clave,señal vs ruido,claridad,texto corto lado izquierdo + elemento visual lado derecho,evitar promesas absolutas y claims no verificables
cp_19_5a92464ee0,cp_19_5a92464ee0_tb1,tema clave,señal vs ruido,claridad,texto corto lado izquierdo + elemento visual lado derecho,evitar promesas absolutas y claims no verificables
cp_20_1c8352397d,cp_20_1c8352397d_tb1,tema clave,señal vs ruido,claridad,texto corto lado izquierdo + elemento visual lado derecho,evitar promesas absolutas y claims no verificables
cp_21_faca0ae34e,cp_21_faca0ae34e_tb1,tema clave,señal vs ruido,claridad,texto corto lado izquierdo + elemento visual lado derecho,evitar promesas absolutas y claims no verificables
cp_22_fddee4c092,cp_22_fddee4c092_tb1,tema clave,señal vs ruido,claridad,texto corto lado izquierdo + elemento visual lado derecho,evitar promesas absolutas y claims no verificables
cp_23_56ed1e11f3,cp_23_56ed1e11f3_tb1,tema clave,señal vs ruido,claridad,texto corto lado izquierdo + elemento visual lado derecho,evitar promesas absolutas y claims no verificables
cp_24_651c6fc760,cp_24_651c6fc760_tb1,tema clave,señal vs ruido,claridad,texto corto lado izquierdo + elemento visual lado derecho,evitar promesas absolutas y claims no verificables
cp_25_6f1f6afd51,cp_25_6f1f6afd51_tb1,tema clave,señal vs ruido,claridad,texto corto lado izquierdo + elemento visual lado derecho,evitar promesas absolutas y claims no verificables
cp_26_39a50e1e99,cp_26_39a50e1e99_tb1,tema clave,señal vs ruido,claridad,texto corto lado izquierdo + elemento visual lado derecho,evitar promesas absolutas y claims no verificables
cp_27_6549288dc7,cp_27_6549288dc7_tb1,tema clave,señal vs ruido,claridad,texto corto lado izquierdo + elemento visual lado derecho,evitar promesas absolutas y claims no verificables
cp_28_165b53c78f,cp_28_165b53c78f_tb1,tema clave,señal vs ruido,claridad,texto corto lado izquierdo + elemento visual lado derecho,evitar promesas absolutas y claims no verificables
cp_29_35f5598dc3,cp_29_35f5598dc3_tb1,tema clave,señal vs ruido,claridad,texto corto lado izquierdo + elemento visual lado derecho,evitar promesas absolutas y claims no verificables
cp_30_5bfcb5a6ce,cp_30_5bfcb5a6ce_tb1,tema clave,señal vs ruido,claridad,texto corto lado izquierdo + elemento visual lado derecho,evitar promesas absolutas y claims no verificables
cp_31_8df36cfde5,cp_31_8df36cfde5_tb1,repackage_idea,señal vs ruido,claridad,texto corto lado izquierdo + elemento visual lado derecho,evitar promesas absolutas y claims no verificables
cp_32_72e189a620,cp_32_72e189a620_tb1,tema clave,señal vs ruido,claridad,texto corto lado izquierdo + elemento visual lado derecho,evitar promesas absolutas y claims no verificables
cp_33_30614c66e8,cp_33_30614c66e8_tb1,tema clave,señal vs ruido,claridad,texto corto lado izquierdo + elemento visual lado derecho,evitar promesas absolutas y claims no verificables
cp_34_8df00ef791,cp_34_8df00ef791_tb1,create_fast_reaction,señal vs ruido,urgencia,texto corto lado izquierdo + elemento visual lado derecho,evitar promesas absolutas y claims no verificables
cp_35_a971eec025,cp_35_a971eec025_tb1,create_fast_reaction,señal vs ruido,urgencia,texto corto lado izquierdo + elemento visual lado derecho,evitar promesas absolutas y claims no verificables
cp_36_306a834115,cp_36_306a834115_tb1,tema clave,señal vs ruido,claridad,texto corto lado izquierdo + elemento visual lado derecho,evitar promesas absolutas y claims no verificables
cp_37_cd1f8332cd,cp_37_cd1f8332cd_tb1,create_fast_reaction,señal vs ruido,urgencia,texto corto lado izquierdo + elemento visual lado derecho,evitar promesas absolutas y claims no verificables
cp_38_c2f335667b,cp_38_c2f335667b_tb1,tema clave,señal vs ruido,claridad,texto corto lado izquierdo + elemento visual lado derecho,evitar promesas absolutas y claims no verificables
cp_39_291b7d9524,cp_39_291b7d9524_tb1,tema clave,señal vs ruido,claridad,texto corto lado izquierdo + elemento visual lado derecho,evitar promesas absolutas y claims no verificables
cp_40_00719793cd,cp_40_00719793cd_tb1,tema clave,señal vs ruido,claridad,texto corto lado izquierdo + elemento visual lado derecho,evitar promesas absolutas y claims no verificables
cp_41_b003824f15,cp_41_b003824f15_tb1,tema clave,señal vs ruido,claridad,texto corto lado izquierdo + elemento visual lado derecho,evitar promesas absolutas y claims no verificables
cp_42_031e7ac3fc,cp_42_031e7ac3fc_tb1,tema clave,señal vs ruido,claridad,texto corto lado izquierdo + elemento visual lado derecho,evitar promesas absolutas y claims no verificables
cp_43_d8039725e9,cp_43_d8039725e9_tb1,tema clave,señal vs ruido,claridad,texto corto lado izquierdo + elemento visual lado derecho,evitar promesas absolutas y claims no verificables
cp_44_c0935d242b,cp_44_c0935d242b_tb1,tema clave,señal vs ruido,claridad,texto corto lado izquierdo + elemento visual lado derecho,evitar promesas absolutas y claims no verificables
cp_45_20882f1018,cp_45_20882f1018_tb1,tema clave,señal vs ruido,claridad,texto corto lado izquierdo + elemento visual lado derecho,evitar promesas absolutas y claims no verificables
cp_46_583d904f2a,cp_46_583d904f2a_tb1,tema clave,señal vs ruido,claridad,texto corto lado izquierdo + elemento visual lado derecho,evitar promesas absolutas y claims no verificables
cp_47_c9cf96250b,cp_47_c9cf96250b_tb1,tema clave,señal vs ruido,claridad,texto corto lado izquierdo + elemento visual lado derecho,evitar promesas absolutas y claims no verificables
cp_48_34a3f110ea,cp_48_34a3f110ea_tb1,tema clave,señal vs ruido,claridad,texto corto lado izquierdo + elemento visual lado derecho,evitar promesas absolutas y claims no verificables
cp_49_8d6bca9886,cp_49_8d6bca9886_tb1,tema clave,señal vs ruido,claridad,texto corto lado izquierdo + elemento visual lado derecho,evitar promesas absolutas y claims no verificables
cp_50_b3d7eaf0c7,cp_50_b3d7eaf0c7_tb1,tema clave,señal vs ruido,claridad,texto corto lado izquierdo + elemento visual lado derecho,evitar promesas absolutas y claims no verificables
cp_51_cce5f680fc,cp_51_cce5f680fc_tb1,tema clave,señal vs ruido,claridad,texto corto lado izquierdo + elemento visual lado derecho,evitar promesas absolutas y claims no verificables
cp_52_96add6548b,cp_52_96add6548b_tb1,tema clave,señal vs ruido,claridad,texto corto lado izquierdo + elemento visual lado derecho,evitar promesas absolutas y claims no verificables
cp_53_177723d2e1,cp_53_177723d2e1_tb1,tema clave,señal vs ruido,claridad,texto corto lado izquierdo + elemento visual lado derecho,evitar promesas absolutas y claims no verificables
cp_54_4c94c0b5b2,cp_54_4c94c0b5b2_tb1,tema clave,señal vs ruido,claridad,texto corto lado izquierdo + elemento visual lado derecho,evitar promesas absolutas y claims no verificables
cp_55_81fd1cf4be,cp_55_81fd1cf4be_tb1,tema clave,señal vs ruido,claridad,texto corto lado izquierdo + elemento visual lado derecho,evitar promesas absolutas y claims no verificables
cp_56_b3909b2219,cp_56_b3909b2219_tb1,tema clave,señal vs ruido,claridad,texto corto lado izquierdo + elemento visual lado derecho,evitar promesas absolutas y claims no verificables
cp_57_4c7ee3fcb4,cp_57_4c7ee3fcb4_tb1,tema clave,señal vs ruido,claridad,texto corto lado izquierdo + elemento visual lado derecho,evitar promesas absolutas y claims no verificables
cp_58_bbe17bbf65,cp_58_bbe17bbf65_tb1,tema clave,señal vs ruido,claridad,texto corto lado izquierdo + elemento visual lado derecho,evitar promesas absolutas y claims no verificables
cp_59_907aaa2e87,cp_59_907aaa2e87_tb1,tema clave,señal vs ruido,claridad,texto corto lado izquierdo + elemento visual lado derecho,evitar promesas absolutas y claims no verificables
cp_60_0b7825b815,cp_60_0b7825b815_tb1,tema clave,señal vs ruido,claridad,texto corto lado izquierdo + elemento visual lado derecho,evitar promesas absolutas y claims no verificables
cp_61_67e6c76f5d,cp_61_67e6c76f5d_tb1,tema clave,señal vs ruido,claridad,texto corto lado izquierdo + elemento visual lado derecho,evitar promesas absolutas y claims no verificables
cp_62_6a70ac3282,cp_62_6a70ac3282_tb1,tema clave,señal vs ruido,claridad,texto corto lado izquierdo + elemento visual lado derecho,evitar promesas absolutas y claims no verificables
cp_63_bea7603e3b,cp_63_bea7603e3b_tb1,tema clave,señal vs ruido,claridad,texto corto lado izquierdo + elemento visual lado derecho,evitar promesas absolutas y claims no verificables
cp_64_491ac3f0ef,cp_64_491ac3f0ef_tb1,tema clave,señal vs ruido,claridad,texto corto lado izquierdo + elemento visual lado derecho,evitar promesas absolutas y claims no verificables
cp_65_c246090b98,cp_65_c246090b98_tb1,tema clave,señal vs ruido,claridad,texto corto lado izquierdo + elemento visual lado derecho,evitar promesas absolutas y claims no verificables
cp_66_53cf494717,cp_66_53cf494717_tb1,tema clave,señal vs ruido,claridad,texto corto lado izquierdo + elemento visual lado derecho,evitar promesas absolutas y claims no verificables
cp_67_1197a5ce6e,cp_67_1197a5ce6e_tb1,tema clave,señal vs ruido,claridad,texto corto lado izquierdo + elemento visual lado derecho,evitar promesas absolutas y claims no verificables
cp_68_d2d9dcced3,cp_68_d2d9dcced3_tb1,tema clave,señal vs ruido,claridad,texto corto lado izquierdo + elemento visual lado derecho,evitar promesas absolutas y claims no verificables
cp_69_b5ab7b3d85,cp_69_b5ab7b3d85_tb1,tema clave,señal vs ruido,claridad,texto corto lado izquierdo + elemento visual lado derecho,evitar promesas absolutas y claims no verificables
cp_70_a31c176767,cp_70_a31c176767_tb1,tema clave,señal vs ruido,claridad,texto corto lado izquierdo + elemento visual lado derecho,evitar promesas absolutas y claims no verificables
cp_71_4695d26631,cp_71_4695d26631_tb1,tema clave,señal vs ruido,claridad,texto corto lado izquierdo + elemento visual lado derecho,evitar promesas absolutas y claims no verificables
cp_72_9f3b4579e5,cp_72_9f3b4579e5_tb1,tema clave,señal vs ruido,claridad,texto corto lado izquierdo + elemento visual lado derecho,evitar promesas absolutas y claims no verificables
cp_73_5f50f1e8d4,cp_73_5f50f1e8d4_tb1,tema clave,señal vs ruido,claridad,texto corto lado izquierdo + elemento visual lado derecho,evitar promesas absolutas y claims no verificables
cp_74_b5766c37d1,cp_74_b5766c37d1_tb1,tema clave,señal vs ruido,claridad,texto corto lado izquierdo + elemento visual lado derecho,evitar promesas absolutas y claims no verificables
cp_75_a90072ddab,cp_75_a90072ddab_tb1,tema clave,señal vs ruido,claridad,texto corto lado izquierdo + elemento visual lado derecho,evitar promesas absolutas y claims no verificables
cp_76_2994a68384,cp_76_2994a68384_tb1,tema clave,señal vs ruido,claridad,texto corto lado izquierdo + elemento visual lado derecho,evitar promesas absolutas y claims no verificables
cp_77_1b6deac7c9,cp_77_1b6deac7c9_tb1,tema clave,señal vs ruido,claridad,texto corto lado izquierdo + elemento visual lado derecho,evitar promesas absolutas y claims no verificables
cp_78_b63bbf46ee,cp_78_b63bbf46ee_tb1,create_fast_reaction,señal vs ruido,claridad,texto corto lado izquierdo + elemento visual lado derecho,evitar promesas absolutas y claims no verificables
cp_79_3b1243445a,cp_79_3b1243445a_tb1,tema clave,señal vs ruido,claridad,texto corto lado izquierdo + elemento visual lado derecho,evitar promesas absolutas y claims no verificables
cp_80_12c07c39a8,cp_80_12c07c39a8_tb1,tema clave,señal vs ruido,claridad,texto corto lado izquierdo + elemento visual lado derecho,evitar promesas absolutas y claims no verificables
cp_81_c010d1c506,cp_81_c010d1c506_tb1,tema clave,señal vs ruido,claridad,texto corto lado izquierdo + elemento visual lado derecho,evitar promesas absolutas y claims no verificables
cp_82_878b09d954,cp_82_878b09d954_tb1,repackage_idea,señal vs ruido,claridad,texto corto lado izquierdo + elemento visual lado derecho,evitar promesas absolutas y claims no verificables
cp_83_2bc7e51784,cp_83_2bc7e51784_tb1,tema clave,señal vs ruido,claridad,texto corto lado izquierdo + elemento visual lado derecho,evitar promesas absolutas y claims no verificables
cp_84_8647c5b16a,cp_84_8647c5b16a_tb1,repackage_idea,señal vs ruido,claridad,texto corto lado izquierdo + elemento visual lado derecho,evitar promesas absolutas y claims no verificables
cp_85_3cae377e7e,cp_85_3cae377e7e_tb1,tema clave,señal vs ruido,claridad,texto corto lado izquierdo + elemento visual lado derecho,evitar promesas absolutas y claims no verificables
cp_86_6a1ede50a4,cp_86_6a1ede50a4_tb1,tema clave,señal vs ruido,claridad,texto corto lado izquierdo + elemento visual lado derecho,evitar promesas absolutas y claims no verificables
cp_87_fd42296726,cp_87_fd42296726_tb1,tema clave,señal vs ruido,claridad,texto corto lado izquierdo + elemento visual lado derecho,evitar promesas absolutas y claims no verificables
cp_88_0537e34fee,cp_88_0537e34fee_tb1,tema clave,señal vs ruido,claridad,texto corto lado izquierdo + elemento visual lado derecho,evitar promesas absolutas y claims no verificables
cp_89_41a8c72767,cp_89_41a8c72767_tb1,repackage_idea,señal vs ruido,claridad,texto corto lado izquierdo + elemento visual lado derecho,evitar promesas absolutas y claims no verificables
cp_90_852dcc301b,cp_90_852dcc301b_tb1,create_fast_reaction,señal vs ruido,claridad,texto corto lado izquierdo + elemento visual lado derecho,evitar promesas absolutas y claims no verificables
cp_91_09684b04ea,cp_91_09684b04ea_tb1,repackage_idea,señal vs ruido,claridad,texto corto lado izquierdo + elemento visual lado derecho,evitar promesas absolutas y claims no verificables
cp_92_d832e02297,cp_92_d832e02297_tb1,repackage_idea,señal vs ruido,claridad,texto corto lado izquierdo + elemento visual lado derecho,evitar promesas absolutas y claims no verificables
cp_93_c95157e192,cp_93_c95157e192_tb1,tema clave,señal vs ruido,claridad,texto corto lado izquierdo + elemento visual lado derecho,evitar promesas absolutas y claims no verificables
cp_94_d090728902,cp_94_d090728902_tb1,create_fast_reaction,señal vs ruido,claridad,texto corto lado izquierdo + elemento visual lado derecho,evitar promesas absolutas y claims no verificables
cp_95_946ca610c9,cp_95_946ca610c9_tb1,repackage_idea,señal vs ruido,claridad,texto corto lado izquierdo + elemento visual lado derecho,evitar promesas absolutas y claims no verificables
cp_96_4b3736db47,cp_96_4b3736db47_tb1,tema clave,señal vs ruido,claridad,texto corto lado izquierdo + elemento visual lado derecho,evitar promesas absolutas y claims no verificables
cp_97_e291661b45,cp_97_e291661b45_tb1,repackage_idea,señal vs ruido,claridad,texto corto lado izquierdo + elemento visual lado derecho,evitar promesas absolutas y claims no verificables
cp_98_b39ca9f5fc,cp_98_b39ca9f5fc_tb1,tema clave,señal vs ruido,claridad,texto corto lado izquierdo + elemento visual lado derecho,evitar promesas absolutas y claims no verificables
cp_99_278c0f397e,cp_99_278c0f397e_tb1,repackage_idea,señal vs ruido,claridad,texto corto lado izquierdo + elemento visual lado derecho,evitar promesas absolutas y claims no verificables
cp_100_ffd4b770b4,cp_100_ffd4b770b4_tb1,repackage_idea,señal vs ruido,claridad,texto corto lado izquierdo + elemento visual lado derecho,evitar promesas absolutas y claims no verificables
cp_101_28d0255db5,cp_101_28d0255db5_tb1,repackage_idea,señal vs ruido,claridad,texto corto lado izquierdo + elemento visual lado derecho,evitar promesas absolutas y claims no verificables
cp_102_58042c7c5e,cp_102_58042c7c5e_tb1,repackage_idea,señal vs ruido,claridad,texto corto lado izquierdo + elemento visual lado derecho,evitar promesas absolutas y claims no verificables
cp_103_0444840000,cp_103_0444840000_tb1,tema clave,señal vs ruido,claridad,texto corto lado izquierdo + elemento visual lado derecho,evitar promesas absolutas y claims no verificables
cp_104_eb83a65028,cp_104_eb83a65028_tb1,create_fast_reaction,señal vs ruido,urgencia,texto corto lado izquierdo + elemento visual lado derecho,evitar promesas absolutas y claims no verificables
cp_105_992c681a5f,cp_105_992c681a5f_tb1,repackage_idea,señal vs ruido,claridad,texto corto lado izquierdo + elemento visual lado derecho,evitar promesas absolutas y claims no verificables
cp_106_244cf85c5d,cp_106_244cf85c5d_tb1,repackage_idea,señal vs ruido,claridad,texto corto lado izquierdo + elemento visual lado derecho,evitar promesas absolutas y claims no verificables
cp_107_bb3519e58b,cp_107_bb3519e58b_tb1,repackage_idea,señal vs ruido,claridad,texto corto lado izquierdo + elemento visual lado derecho,evitar promesas absolutas y claims no verificables
cp_108_ed6b6a73f5,cp_108_ed6b6a73f5_tb1,repackage_idea,señal vs ruido,claridad,texto corto lado izquierdo + elemento visual lado derecho,evitar promesas absolutas y claims no verificables
cp_109_546f233262,cp_109_546f233262_tb1,repackage_idea,señal vs ruido,claridad,texto corto lado izquierdo + elemento visual lado derecho,evitar promesas absolutas y claims no verificables
cp_110_56fabafcdb,cp_110_56fabafcdb_tb1,tema clave,señal vs ruido,claridad,texto corto lado izquierdo + elemento visual lado derecho,evitar promesas absolutas y claims no verificables
cp_111_4b008f802a,cp_111_4b008f802a_tb1,repackage_idea,señal vs ruido,claridad,texto corto lado izquierdo + elemento visual lado derecho,evitar promesas absolutas y claims no verificables
cp_112_007414068d,cp_112_007414068d_tb1,repackage_idea,señal vs ruido,claridad,texto corto lado izquierdo + elemento visual lado derecho,evitar promesas absolutas y claims no verificables
cp_113_efcfecc57b,cp_113_efcfecc57b_tb1,repackage_idea,señal vs ruido,claridad,texto corto lado izquierdo + elemento visual lado derecho,evitar promesas absolutas y claims no verificables
cp_114_6b016ad3cb,cp_114_6b016ad3cb_tb1,repackage_idea,señal vs ruido,claridad,texto corto lado izquierdo + elemento visual lado derecho,evitar promesas absolutas y claims no verificables
cp_115_8db0ad886d,cp_115_8db0ad886d_tb1,create_fast_reaction,señal vs ruido,urgencia,texto corto lado izquierdo + elemento visual lado derecho,evitar promesas absolutas y claims no verificables
cp_116_6dd42c3cb8,cp_116_6dd42c3cb8_tb1,repackage_idea,señal vs ruido,claridad,texto corto lado izquierdo + elemento visual lado derecho,evitar promesas absolutas y claims no verificables
cp_117_66e973293f,cp_117_66e973293f_tb1,create_fast_reaction,señal vs ruido,urgencia,texto corto lado izquierdo + elemento visual lado derecho,evitar promesas absolutas y claims no verificables
cp_118_f53c580e15,cp_118_f53c580e15_tb1,tema clave,señal vs ruido,claridad,texto corto lado izquierdo + elemento visual lado derecho,evitar promesas absolutas y claims no verificables
cp_119_fe13a10ad5,cp_119_fe13a10ad5_tb1,repackage_idea,señal vs ruido,claridad,texto corto lado izquierdo + elemento visual lado derecho,evitar promesas absolutas y claims no verificables
cp_120_4c0854bd4d,cp_120_4c0854bd4d_tb1,tema clave,señal vs ruido,claridad,texto corto lado izquierdo + elemento visual lado derecho,evitar promesas absolutas y claims no verificables
cp_121_a456ce3394,cp_121_a456ce3394_tb1,repackage_idea,señal vs ruido,claridad,texto corto lado izquierdo + elemento visual lado derecho,evitar promesas absolutas y claims no verificables
cp_122_866ef54b9d,cp_122_866ef54b9d_tb1,repackage_idea,señal vs ruido,claridad,texto corto lado izquierdo + elemento visual lado derecho,evitar promesas absolutas y claims no verificables
cp_123_cd9e2504f4,cp_123_cd9e2504f4_tb1,repackage_idea,señal vs ruido,claridad,texto corto lado izquierdo + elemento visual lado derecho,evitar promesas absolutas y claims no verificables
cp_124_348c25734e,cp_124_348c25734e_tb1,repackage_idea,señal vs ruido,claridad,texto corto lado izquierdo + elemento visual lado derecho,evitar promesas absolutas y claims no verificables
cp_125_b475080e87,cp_125_b475080e87_tb1,repackage_idea,señal vs ruido,claridad,texto corto lado izquierdo + elemento visual lado derecho,evitar promesas absolutas y claims no verificables
cp_126_3f2c7130b6,cp_126_3f2c7130b6_tb1,repackage_idea,señal vs ruido,claridad,texto corto lado izquierdo + elemento visual lado derecho,evitar promesas absolutas y claims no verificables
cp_127_e5fb9d2888,cp_127_e5fb9d2888_tb1,repackage_idea,señal vs ruido,claridad,texto corto lado izquierdo + elemento visual lado derecho,evitar promesas absolutas y claims no verificables
cp_128_f1b145814b,cp_128_f1b145814b_tb1,repackage_idea,señal vs ruido,claridad,texto corto lado izquierdo + elemento visual lado derecho,evitar promesas absolutas y claims no verificables
cp_129_02d4024e8e,cp_129_02d4024e8e_tb1,repackage_idea,señal vs ruido,claridad,texto corto lado izquierdo + elemento visual lado derecho,evitar promesas absolutas y claims no verificables
cp_130_8925e1b4a5,cp_130_8925e1b4a5_tb1,repackage_idea,señal vs ruido,claridad,texto corto lado izquierdo + elemento visual lado derecho,evitar promesas absolutas y claims no verificables
cp_131_6e543a9f0d,cp_131_6e543a9f0d_tb1,repackage_idea,señal vs ruido,claridad,texto corto lado izquierdo + elemento visual lado derecho,evitar promesas absolutas y claims no verificables
cp_132_75090791a3,cp_132_75090791a3_tb1,repackage_idea,señal vs ruido,claridad,texto corto lado izquierdo + elemento visual lado derecho,evitar promesas absolutas y claims no verificables
cp_133_39d424d462,cp_133_39d424d462_tb1,repackage_idea,señal vs ruido,claridad,texto corto lado izquierdo + elemento visual lado derecho,evitar promesas absolutas y claims no verificables
cp_134_c6664c9ab5,cp_134_c6664c9ab5_tb1,repackage_idea,señal vs ruido,claridad,texto corto lado izquierdo + elemento visual lado derecho,evitar promesas absolutas y claims no verificables
cp_135_2df92c18cd,cp_135_2df92c18cd_tb1,repackage_idea,señal vs ruido,claridad,texto corto lado izquierdo + elemento visual lado derecho,evitar promesas absolutas y claims no verificables
cp_136_98cf8d684a,cp_136_98cf8d684a_tb1,repackage_idea,señal vs ruido,claridad,texto corto lado izquierdo + elemento visual lado derecho,evitar promesas absolutas y claims no verificables
cp_137_23a1ff9d2f,cp_137_23a1ff9d2f_tb1,repackage_idea,señal vs ruido,claridad,texto corto lado izquierdo + elemento visual lado derecho,evitar promesas absolutas y claims no verificables
cp_138_deb4300ecf,cp_138_deb4300ecf_tb1,repackage_idea,señal vs ruido,claridad,texto corto lado izquierdo + elemento visual lado derecho,evitar promesas absolutas y claims no verificables
cp_139_45b241a87b,cp_139_45b241a87b_tb1,repackage_idea,señal vs ruido,claridad,texto corto lado izquierdo + elemento visual lado derecho,evitar promesas absolutas y claims no verificables
cp_140_4b62baa8d5,cp_140_4b62baa8d5_tb1,repackage_idea,señal vs ruido,claridad,texto corto lado izquierdo + elemento visual lado derecho,evitar promesas absolutas y claims no verificables
cp_141_d29a164ca2,cp_141_d29a164ca2_tb1,tema clave,señal vs ruido,claridad,texto corto lado izquierdo + elemento visual lado derecho,evitar promesas absolutas y claims no verificables
cp_142_884c6ad525,cp_142_884c6ad525_tb1,tema clave,señal vs ruido,claridad,texto corto lado izquierdo + elemento visual lado derecho,evitar promesas absolutas y claims no verificables
cp_143_d1f07f72aa,cp_143_d1f07f72aa_tb1,repackage_idea,señal vs ruido,claridad,texto corto lado izquierdo + elemento visual lado derecho,evitar promesas absolutas y claims no verificables
cp_144_1be6be8d53,cp_144_1be6be8d53_tb1,repackage_idea,señal vs ruido,claridad,texto corto lado izquierdo + elemento visual lado derecho,evitar promesas absolutas y claims no verificables
cp_145_fc0792ff1f,cp_145_fc0792ff1f_tb1,repackage_idea,señal vs ruido,claridad,texto corto lado izquierdo + elemento visual lado derecho,evitar promesas absolutas y claims no verificables
cp_146_0561732e1b,cp_146_0561732e1b_tb1,repackage_idea,señal vs ruido,claridad,texto corto lado izquierdo + elemento visual lado derecho,evitar promesas absolutas y claims no verificables
cp_147_5b36c17088,cp_147_5b36c17088_tb1,repackage_idea,señal vs ruido,claridad,texto corto lado izquierdo + elemento visual lado derecho,evitar promesas absolutas y claims no verificables
cp_148_a1462ea1da,cp_148_a1462ea1da_tb1,repackage_idea,señal vs ruido,claridad,texto corto lado izquierdo + elemento visual lado derecho,evitar promesas absolutas y claims no verificables
cp_149_021643aa5b,cp_149_021643aa5b_tb1,repackage_idea,señal vs ruido,claridad,texto corto lado izquierdo + elemento visual lado derecho,evitar promesas absolutas y claims no verificables
cp_150_8b90e4204d,cp_150_8b90e4204d_tb1,repackage_idea,señal vs ruido,claridad,texto corto lado izquierdo + elemento visual lado derecho,evitar promesas absolutas y claims no verificables
cp_151_6ed786fae5,cp_151_6ed786fae5_tb1,repackage_idea,señal vs ruido,claridad,texto corto lado izquierdo + elemento visual lado derecho,evitar promesas absolutas y claims no verificables
cp_152_ab9e2fb1be,cp_152_ab9e2fb1be_tb1,repackage_idea,señal vs ruido,claridad,texto corto lado izquierdo + elemento visual lado derecho,evitar promesas absolutas y claims no verificables
cp_153_b53a489173,cp_153_b53a489173_tb1,repackage_idea,señal vs ruido,claridad,texto corto lado izquierdo + elemento visual lado derecho,evitar promesas absolutas y claims no verificables
cp_154_2a7aca22e9,cp_154_2a7aca22e9_tb1,repackage_idea,señal vs ruido,claridad,texto corto lado izquierdo + elemento visual lado derecho,evitar promesas absolutas y claims no verificables
cp_155_d02af3efeb,cp_155_d02af3efeb_tb1,repackage_idea,señal vs ruido,claridad,texto corto lado izquierdo + elemento visual lado derecho,evitar promesas absolutas y claims no verificables
cp_156_d615cbd5a7,cp_156_d615cbd5a7_tb1,repackage_idea,señal vs ruido,claridad,texto corto lado izquierdo + elemento visual lado derecho,evitar promesas absolutas y claims no verificables
cp_157_be55f08b2c,cp_157_be55f08b2c_tb1,repackage_idea,señal vs ruido,claridad,texto corto lado izquierdo + elemento visual lado derecho,evitar promesas absolutas y claims no verificables
cp_158_561595c01d,cp_158_561595c01d_tb1,repackage_idea,señal vs ruido,claridad,texto corto lado izquierdo + elemento visual lado derecho,evitar promesas absolutas y claims no verificables
cp_159_8d1ccf65db,cp_159_8d1ccf65db_tb1,repackage_idea,señal vs ruido,claridad,texto corto lado izquierdo + elemento visual lado derecho,evitar promesas absolutas y claims no verificables
cp_160_18c207b1b5,cp_160_18c207b1b5_tb1,tema clave,señal vs ruido,claridad,texto corto lado izquierdo + elemento visual lado derecho,evitar promesas absolutas y claims no verificables
cp_161_362a59a050,cp_161_362a59a050_tb1,tema clave,señal vs ruido,claridad,texto corto lado izquierdo + elemento visual lado derecho,evitar promesas absolutas y claims no verificables
cp_162_9ad1bcedda,cp_162_9ad1bcedda_tb1,repackage_idea,señal vs ruido,claridad,texto corto lado izquierdo + elemento visual lado derecho,evitar promesas absolutas y claims no verificables
cp_163_3c765178bb,cp_163_3c765178bb_tb1,repackage_idea,señal vs ruido,claridad,texto corto lado izquierdo + elemento visual lado derecho,evitar promesas absolutas y claims no verificables
cp_164_3548226b6b,cp_164_3548226b6b_tb1,repackage_idea,señal vs ruido,claridad,texto corto lado izquierdo + elemento visual lado derecho,evitar promesas absolutas y claims no verificables
cp_165_a5759f1489,cp_165_a5759f1489_tb1,repackage_idea,señal vs ruido,claridad,texto corto lado izquierdo + elemento visual lado derecho,evitar promesas absolutas y claims no verificables
cp_166_813f057d0d,cp_166_813f057d0d_tb1,tema clave,señal vs ruido,claridad,texto corto lado izquierdo + elemento visual lado derecho,evitar promesas absolutas y claims no verificables
cp_167_2d549920d4,cp_167_2d549920d4_tb1,repackage_idea,señal vs ruido,claridad,texto corto lado izquierdo + elemento visual lado derecho,evitar promesas absolutas y claims no verificables
cp_168_0fc6b7b1ac,cp_168_0fc6b7b1ac_tb1,repackage_idea,señal vs ruido,claridad,texto corto lado izquierdo + elemento visual lado derecho,evitar promesas absolutas y claims no verificables
cp_169_df2f2d9531,cp_169_df2f2d9531_tb1,repackage_idea,señal vs ruido,claridad,texto corto lado izquierdo + elemento visual lado derecho,evitar promesas absolutas y claims no verificables
cp_170_0b4e3d134f,cp_170_0b4e3d134f_tb1,repackage_idea,señal vs ruido,claridad,texto corto lado izquierdo + elemento visual lado derecho,evitar promesas absolutas y claims no verificables
cp_171_42375b29ab,cp_171_42375b29ab_tb1,repackage_idea,señal vs ruido,claridad,texto corto lado izquierdo + elemento visual lado derecho,evitar promesas absolutas y claims no verificables
cp_172_79802c79ab,cp_172_79802c79ab_tb1,repackage_idea,señal vs ruido,claridad,texto corto lado izquierdo + elemento visual lado derecho,evitar promesas absolutas y claims no verificables
cp_173_5ce5cb458b,cp_173_5ce5cb458b_tb1,repackage_idea,señal vs ruido,claridad,texto corto lado izquierdo + elemento visual lado derecho,evitar promesas absolutas y claims no verificables
cp_174_8aaf19212c,cp_174_8aaf19212c_tb1,repackage_idea,señal vs ruido,claridad,texto corto lado izquierdo + elemento visual lado derecho,evitar promesas absolutas y claims no verificables
cp_175_da58ccbb29,cp_175_da58ccbb29_tb1,repackage_idea,señal vs ruido,claridad,texto corto lado izquierdo + elemento visual lado derecho,evitar promesas absolutas y claims no verificables
cp_176_7792ea9d8d,cp_176_7792ea9d8d_tb1,repackage_idea,señal vs ruido,claridad,texto corto lado izquierdo + elemento visual lado derecho,evitar promesas absolutas y claims no verificables
cp_177_287ba1691b,cp_177_287ba1691b_tb1,repackage_idea,señal vs ruido,claridad,texto corto lado izquierdo + elemento visual lado derecho,evitar promesas absolutas y claims no verificables
cp_178_54a7d07bc8,cp_178_54a7d07bc8_tb1,repackage_idea,señal vs ruido,claridad,texto corto lado izquierdo + elemento visual lado derecho,evitar promesas absolutas y claims no verificables
cp_179_8b2a8e10b9,cp_179_8b2a8e10b9_tb1,repackage_idea,señal vs ruido,claridad,texto corto lado izquierdo + elemento visual lado derecho,evitar promesas absolutas y claims no verificables
cp_180_15d92f7451,cp_180_15d92f7451_tb1,repackage_idea,señal vs ruido,claridad,texto corto lado izquierdo + elemento visual lado derecho,evitar promesas absolutas y claims no verificables
cp_181_978c849382,cp_181_978c849382_tb1,repackage_idea,señal vs ruido,claridad,texto corto lado izquierdo + elemento visual lado derecho,evitar promesas absolutas y claims no verificables
cp_182_ccf488aaf9,cp_182_ccf488aaf9_tb1,repackage_idea,señal vs ruido,claridad,texto corto lado izquierdo + elemento visual lado derecho,evitar promesas absolutas y claims no verificables
cp_183_18976fffde,cp_183_18976fffde_tb1,repackage_idea,señal vs ruido,claridad,texto corto lado izquierdo + elemento visual lado derecho,evitar promesas absolutas y claims no verificables
cp_184_f1563d5265,cp_184_f1563d5265_tb1,repackage_idea,señal vs ruido,claridad,texto corto lado izquierdo + elemento visual lado derecho,evitar promesas absolutas y claims no verificables
cp_185_3b4cf3b691,cp_185_3b4cf3b691_tb1,tema clave,señal vs ruido,claridad,texto corto lado izquierdo + elemento visual lado derecho,evitar promesas absolutas y claims no verificables
cp_186_e774036a0d,cp_186_e774036a0d_tb1,repackage_idea,señal vs ruido,claridad,texto corto lado izquierdo + elemento visual lado derecho,evitar promesas absolutas y claims no verificables
cp_187_2b9978f485,cp_187_2b9978f485_tb1,repackage_idea,señal vs ruido,claridad,texto corto lado izquierdo + elemento visual lado derecho,evitar promesas absolutas y claims no verificables
cp_188_0a9e1906ef,cp_188_0a9e1906ef_tb1,repackage_idea,señal vs ruido,claridad,texto corto lado izquierdo + elemento visual lado derecho,evitar promesas absolutas y claims no verificables
cp_189_53b8fe99ba,cp_189_53b8fe99ba_tb1,repackage_idea,señal vs ruido,claridad,texto corto lado izquierdo + elemento visual lado derecho,evitar promesas absolutas y claims no verificables
cp_190_60e0f38434,cp_190_60e0f38434_tb1,repackage_idea,señal vs ruido,claridad,texto corto lado izquierdo + elemento visual lado derecho,evitar promesas absolutas y claims no verificables
cp_191_361bb47bf4,cp_191_361bb47bf4_tb1,repackage_idea,señal vs ruido,claridad,texto corto lado izquierdo + elemento visual lado derecho,evitar promesas absolutas y claims no verificables
cp_192_00ac1dc59a,cp_192_00ac1dc59a_tb1,repackage_idea,señal vs ruido,claridad,texto corto lado izquierdo + elemento visual lado derecho,evitar promesas absolutas y claims no verificables
cp_193_f5b476488c,cp_193_f5b476488c_tb1,repackage_idea,señal vs ruido,claridad,texto corto lado izquierdo + elemento visual lado derecho,evitar promesas absolutas y claims no verificables
cp_194_ae221c1544,cp_194_ae221c1544_tb1,repackage_idea,señal vs ruido,claridad,texto corto lado izquierdo + elemento visual lado derecho,evitar promesas absolutas y claims no verificables
cp_195_de777fe638,cp_195_de777fe638_tb1,create_fast_reaction,señal vs ruido,urgencia,texto corto lado izquierdo + elemento visual lado derecho,evitar promesas absolutas y claims no verificables
cp_196_4a31f99317,cp_196_4a31f99317_tb1,repackage_idea,señal vs ruido,claridad,texto corto lado izquierdo + elemento visual lado derecho,evitar promesas absolutas y claims no verificables
cp_197_c35445fa4e,cp_197_c35445fa4e_tb1,repackage_idea,señal vs ruido,claridad,texto corto lado izquierdo + elemento visual lado derecho,evitar promesas absolutas y claims no verificables
cp_198_ebe0500a4b,cp_198_ebe0500a4b_tb1,repackage_idea,señal vs ruido,claridad,texto corto lado izquierdo + elemento visual lado derecho,evitar promesas absolutas y claims no verificables
cp_199_990c168dad,cp_199_990c168dad_tb1,create_fast_reaction,señal vs ruido,urgencia,texto corto lado izquierdo + elemento visual lado derecho,evitar promesas absolutas y claims no verificables
cp_200_9801b64043,cp_200_9801b64043_tb1,repackage_idea,señal vs ruido,claridad,texto corto lado izquierdo + elemento visual lado derecho,evitar promesas absolutas y claims no verificables
cp_201_cb2b4a6c6d,cp_201_cb2b4a6c6d_tb1,repackage_idea,señal vs ruido,claridad,texto corto lado izquierdo + elemento visual lado derecho,evitar promesas absolutas y claims no verificables
cp_202_dcd3f79a7b,cp_202_dcd3f79a7b_tb1,repackage_idea,señal vs ruido,claridad,texto corto lado izquierdo + elemento visual lado derecho,evitar promesas absolutas y claims no verificables
cp_203_ff850e11b8,cp_203_ff850e11b8_tb1,repackage_idea,señal vs ruido,claridad,texto corto lado izquierdo + elemento visual lado derecho,evitar promesas absolutas y claims no verificables
cp_204_81d74c4064,cp_204_81d74c4064_tb1,repackage_idea,señal vs ruido,claridad,texto corto lado izquierdo + elemento visual lado derecho,evitar promesas absolutas y claims no verificables
cp_205_4cff86b2bd,cp_205_4cff86b2bd_tb1,repackage_idea,señal vs ruido,claridad,texto corto lado izquierdo + elemento visual lado derecho,evitar promesas absolutas y claims no verificables
cp_206_4bd6e6e0fc,cp_206_4bd6e6e0fc_tb1,repackage_idea,señal vs ruido,claridad,texto corto lado izquierdo + elemento visual lado derecho,evitar promesas absolutas y claims no verificables
cp_207_fa7f332b42,cp_207_fa7f332b42_tb1,repackage_idea,señal vs ruido,claridad,texto corto lado izquierdo + elemento visual lado derecho,evitar promesas absolutas y claims no verificables
cp_208_ed14f79670,cp_208_ed14f79670_tb1,repackage_idea,señal vs ruido,claridad,texto corto lado izquierdo + elemento visual lado derecho,evitar promesas absolutas y claims no verificables
cp_209_79205d925b,cp_209_79205d925b_tb1,repackage_idea,señal vs ruido,claridad,texto corto lado izquierdo + elemento visual lado derecho,evitar promesas absolutas y claims no verificables
cp_210_c77c660958,cp_210_c77c660958_tb1,repackage_idea,señal vs ruido,claridad,texto corto lado izquierdo + elemento visual lado derecho,evitar promesas absolutas y claims no verificables
cp_211_fca222c9c0,cp_211_fca222c9c0_tb1,repackage_idea,señal vs ruido,claridad,texto corto lado izquierdo + elemento visual lado derecho,evitar promesas absolutas y claims no verificables
cp_212_33954a9c73,cp_212_33954a9c73_tb1,repackage_idea,señal vs ruido,claridad,texto corto lado izquierdo + elemento visual lado derecho,evitar promesas absolutas y claims no verificables
cp_213_19ba488d7b,cp_213_19ba488d7b_tb1,repackage_idea,señal vs ruido,claridad,texto corto lado izquierdo + elemento visual lado derecho,evitar promesas absolutas y claims no verificables
cp_214_ab86bf4d4d,cp_214_ab86bf4d4d_tb1,repackage_idea,señal vs ruido,claridad,texto corto lado izquierdo + elemento visual lado derecho,evitar promesas absolutas y claims no verificables
cp_215_2c168da563,cp_215_2c168da563_tb1,repackage_idea,señal vs ruido,claridad,texto corto lado izquierdo + elemento visual lado derecho,evitar promesas absolutas y claims no verificables
cp_216_b4be7dcf81,cp_216_b4be7dcf81_tb1,repackage_idea,señal vs ruido,claridad,texto corto lado izquierdo + elemento visual lado derecho,evitar promesas absolutas y claims no verificables
cp_217_52ff5a146e,cp_217_52ff5a146e_tb1,repackage_idea,señal vs ruido,claridad,texto corto lado izquierdo + elemento visual lado derecho,evitar promesas absolutas y claims no verificables
cp_218_84de07c425,cp_218_84de07c425_tb1,repackage_idea,señal vs ruido,claridad,texto corto lado izquierdo + elemento visual lado derecho,evitar promesas absolutas y claims no verificables
cp_219_5519f42770,cp_219_5519f42770_tb1,repackage_idea,señal vs ruido,claridad,texto corto lado izquierdo + elemento visual lado derecho,evitar promesas absolutas y claims no verificables
cp_220_91fe4e7b9a,cp_220_91fe4e7b9a_tb1,tema clave,señal vs ruido,claridad,texto corto lado izquierdo + elemento visual lado derecho,evitar promesas absolutas y claims no verificables
cp_221_9cca62f2a9,cp_221_9cca62f2a9_tb1,tema clave,señal vs ruido,claridad,texto corto lado izquierdo + elemento visual lado derecho,evitar promesas absolutas y claims no verificables
cp_222_471b821065,cp_222_471b821065_tb1,repackage_idea,señal vs ruido,claridad,texto corto lado izquierdo + elemento visual lado derecho,evitar promesas absolutas y claims no verificables
cp_223_73fffec776,cp_223_73fffec776_tb1,tema clave,señal vs ruido,claridad,texto corto lado izquierdo + elemento visual lado derecho,evitar promesas absolutas y claims no verificables
cp_224_10450a3a76,cp_224_10450a3a76_tb1,repackage_idea,señal vs ruido,claridad,texto corto lado izquierdo + elemento visual lado derecho,evitar promesas absolutas y claims no verificables
cp_225_20ad1491ba,cp_225_20ad1491ba_tb1,repackage_idea,señal vs ruido,claridad,texto corto lado izquierdo + elemento visual lado derecho,evitar promesas absolutas y claims no verificables
cp_226_5f0c5139fb,cp_226_5f0c5139fb_tb1,repackage_idea,señal vs ruido,claridad,texto corto lado izquierdo + elemento visual lado derecho,evitar promesas absolutas y claims no verificables
cp_227_ab0be3d415,cp_227_ab0be3d415_tb1,repackage_idea,señal vs ruido,claridad,texto corto lado izquierdo + elemento visual lado derecho,evitar promesas absolutas y claims no verificables
cp_228_673673740f,cp_228_673673740f_tb1,repackage_idea,señal vs ruido,claridad,texto corto lado izquierdo + elemento visual lado derecho,evitar promesas absolutas y claims no verificables
cp_229_50201d40f3,cp_229_50201d40f3_tb1,repackage_idea,señal vs ruido,claridad,texto corto lado izquierdo + elemento visual lado derecho,evitar promesas absolutas y claims no verificables
cp_230_863a23d2ff,cp_230_863a23d2ff_tb1,repackage_idea,señal vs ruido,claridad,texto corto lado izquierdo + elemento visual lado derecho,evitar promesas absolutas y claims no verificables
cp_231_4a7ebbaf71,cp_231_4a7ebbaf71_tb1,repackage_idea,señal vs ruido,claridad,texto corto lado izquierdo + elemento visual lado derecho,evitar promesas absolutas y claims no verificables
cp_232_bad71e6c42,cp_232_bad71e6c42_tb1,repackage_idea,señal vs ruido,claridad,texto corto lado izquierdo + elemento visual lado derecho,evitar promesas absolutas y claims no verificables
cp_233_c27ee131ea,cp_233_c27ee131ea_tb1,repackage_idea,señal vs ruido,claridad,texto corto lado izquierdo + elemento visual lado derecho,evitar promesas absolutas y claims no verificables
cp_234_74407e1bea,cp_234_74407e1bea_tb1,repackage_idea,señal vs ruido,claridad,texto corto lado izquierdo + elemento visual lado derecho,evitar promesas absolutas y claims no verificables
cp_235_e833b37762,cp_235_e833b37762_tb1,repackage_idea,señal vs ruido,claridad,texto corto lado izquierdo + elemento visual lado derecho,evitar promesas absolutas y claims no verificables
cp_236_10e4e64ec0,cp_236_10e4e64ec0_tb1,repackage_idea,señal vs ruido,claridad,texto corto lado izquierdo + elemento visual lado derecho,evitar promesas absolutas y claims no verificables
cp_237_9888ccd164,cp_237_9888ccd164_tb1,tema clave,señal vs ruido,claridad,texto corto lado izquierdo + elemento visual lado derecho,evitar promesas absolutas y claims no verificables
cp_238_2fe67d62ca,cp_238_2fe67d62ca_tb1,repackage_idea,señal vs ruido,claridad,texto corto lado izquierdo + elemento visual lado derecho,evitar promesas absolutas y claims no verificables
cp_239_0a2acd861d,cp_239_0a2acd861d_tb1,repackage_idea,señal vs ruido,claridad,texto corto lado izquierdo + elemento visual lado derecho,evitar promesas absolutas y claims no verificables
cp_240_2331d719e9,cp_240_2331d719e9_tb1,repackage_idea,señal vs ruido,claridad,texto corto lado izquierdo + elemento visual lado derecho,evitar promesas absolutas y claims no verificables
cp_241_1f46a7f0fe,cp_241_1f46a7f0fe_tb1,repackage_idea,señal vs ruido,claridad,texto corto lado izquierdo + elemento visual lado derecho,evitar promesas absolutas y claims no verificables
cp_242_9315b0705a,cp_242_9315b0705a_tb1,repackage_idea,señal vs ruido,claridad,texto corto lado izquierdo + elemento visual lado derecho,evitar promesas absolutas y claims no verificables
cp_243_5834087c03,cp_243_5834087c03_tb1,tema clave,señal vs ruido,claridad,texto corto lado izquierdo + elemento visual lado derecho,evitar promesas absolutas y claims no verificables
cp_244_b6f393b4df,cp_244_b6f393b4df_tb1,repackage_idea,señal vs ruido,claridad,texto corto lado izquierdo + elemento visual lado derecho,evitar promesas absolutas y claims no verificables
cp_245_492a3996a4,cp_245_492a3996a4_tb1,repackage_idea,señal vs ruido,claridad,texto corto lado izquierdo + elemento visual lado derecho,evitar promesas absolutas y claims no verificables
cp_246_b73154ffed,cp_246_b73154ffed_tb1,repackage_idea,señal vs ruido,claridad,texto corto lado izquierdo + elemento visual lado derecho,evitar promesas absolutas y claims no verificables
cp_247_2b19c9664b,cp_247_2b19c9664b_tb1,repackage_idea,señal vs ruido,claridad,texto corto lado izquierdo + elemento visual lado derecho,evitar promesas absolutas y claims no verificables
cp_248_7f846cf1a2,cp_248_7f846cf1a2_tb1,repackage_idea,señal vs ruido,claridad,texto corto lado izquierdo + elemento visual lado derecho,evitar promesas absolutas y claims no verificables
cp_249_ddf856ec5e,cp_249_ddf856ec5e_tb1,repackage_idea,señal vs ruido,claridad,texto corto lado izquierdo + elemento visual lado derecho,evitar promesas absolutas y claims no verificables
cp_250_7eb5e41ce6,cp_250_7eb5e41ce6_tb1,repackage_idea,señal vs ruido,claridad,texto corto lado izquierdo + elemento visual lado derecho,evitar promesas absolutas y claims no verificables
cp_251_d024e822e3,cp_251_d024e822e3_tb1,repackage_idea,señal vs ruido,claridad,texto corto lado izquierdo + elemento visual lado derecho,evitar promesas absolutas y claims no verificables
cp_252_813f90bb1b,cp_252_813f90bb1b_tb1,repackage_idea,señal vs ruido,claridad,texto corto lado izquierdo + elemento visual lado derecho,evitar promesas absolutas y claims no verificables
cp_253_c4564e3525,cp_253_c4564e3525_tb1,repackage_idea,señal vs ruido,claridad,texto corto lado izquierdo + elemento visual lado derecho,evitar promesas absolutas y claims no verificables
cp_254_843f47b76c,cp_254_843f47b76c_tb1,repackage_idea,señal vs ruido,claridad,texto corto lado izquierdo + elemento visual lado derecho,evitar promesas absolutas y claims no verificables
cp_255_e71ace7370,cp_255_e71ace7370_tb1,repackage_idea,señal vs ruido,claridad,texto corto lado izquierdo + elemento visual lado derecho,evitar promesas absolutas y claims no verificables
cp_256_80ef836209,cp_256_80ef836209_tb1,repackage_idea,señal vs ruido,claridad,texto corto lado izquierdo + elemento visual lado derecho,evitar promesas absolutas y claims no verificables
cp_257_7f3d649c60,cp_257_7f3d649c60_tb1,repackage_idea,señal vs ruido,claridad,texto corto lado izquierdo + elemento visual lado derecho,evitar promesas absolutas y claims no verificables
cp_258_9a280c4862,cp_258_9a280c4862_tb1,repackage_idea,señal vs ruido,claridad,texto corto lado izquierdo + elemento visual lado derecho,evitar promesas absolutas y claims no verificables
cp_259_1a304b8cb5,cp_259_1a304b8cb5_tb1,repackage_idea,señal vs ruido,claridad,texto corto lado izquierdo + elemento visual lado derecho,evitar promesas absolutas y claims no verificables
cp_260_c9da2256be,cp_260_c9da2256be_tb1,repackage_idea,señal vs ruido,claridad,texto corto lado izquierdo + elemento visual lado derecho,evitar promesas absolutas y claims no verificables
cp_261_4fafbf16d5,cp_261_4fafbf16d5_tb1,repackage_idea,señal vs ruido,claridad,texto corto lado izquierdo + elemento visual lado derecho,evitar promesas absolutas y claims no verificables
cp_262_b7e9cdf3ee,cp_262_b7e9cdf3ee_tb1,repackage_idea,señal vs ruido,claridad,texto corto lado izquierdo + elemento visual lado derecho,evitar promesas absolutas y claims no verificables
cp_263_c12bd20ce2,cp_263_c12bd20ce2_tb1,repackage_idea,señal vs ruido,claridad,texto corto lado izquierdo + elemento visual lado derecho,evitar promesas absolutas y claims no verificables
cp_264_3f2026b503,cp_264_3f2026b503_tb1,repackage_idea,señal vs ruido,claridad,texto corto lado izquierdo + elemento visual lado derecho,evitar promesas absolutas y claims no verificables
cp_265_22f95c1617,cp_265_22f95c1617_tb1,repackage_idea,señal vs ruido,claridad,texto corto lado izquierdo + elemento visual lado derecho,evitar promesas absolutas y claims no verificables
cp_266_d9dd978b1d,cp_266_d9dd978b1d_tb1,repackage_idea,señal vs ruido,claridad,texto corto lado izquierdo + elemento visual lado derecho,evitar promesas absolutas y claims no verificables
cp_267_725c3dde7b,cp_267_725c3dde7b_tb1,repackage_idea,señal vs ruido,claridad,texto corto lado izquierdo + elemento visual lado derecho,evitar promesas absolutas y claims no verificables
cp_268_c44b96bef1,cp_268_c44b96bef1_tb1,tema clave,señal vs ruido,claridad,texto corto lado izquierdo + elemento visual lado derecho,evitar promesas absolutas y claims no verificables
cp_269_48a09ab704,cp_269_48a09ab704_tb1,repackage_idea,señal vs ruido,claridad,texto corto lado izquierdo + elemento visual lado derecho,evitar promesas absolutas y claims no verificables
cp_270_750fc4c046,cp_270_750fc4c046_tb1,repackage_idea,señal vs ruido,claridad,texto corto lado izquierdo + elemento visual lado derecho,evitar promesas absolutas y claims no verificables
cp_271_ffad44b3d8,cp_271_ffad44b3d8_tb1,create_fast_reaction,señal vs ruido,urgencia,texto corto lado izquierdo + elemento visual lado derecho,evitar promesas absolutas y claims no verificables
cp_272_5fbd3c3d89,cp_272_5fbd3c3d89_tb1,repackage_idea,señal vs ruido,claridad,texto corto lado izquierdo + elemento visual lado derecho,evitar promesas absolutas y claims no verificables
cp_273_316e4202bc,cp_273_316e4202bc_tb1,tema clave,señal vs ruido,claridad,texto corto lado izquierdo + elemento visual lado derecho,evitar promesas absolutas y claims no verificables
cp_274_d48044113d,cp_274_d48044113d_tb1,repackage_idea,señal vs ruido,claridad,texto corto lado izquierdo + elemento visual lado derecho,evitar promesas absolutas y claims no verificables
cp_275_48c24754c3,cp_275_48c24754c3_tb1,repackage_idea,señal vs ruido,claridad,texto corto lado izquierdo + elemento visual lado derecho,evitar promesas absolutas y claims no verificables
cp_276_1d6731669c,cp_276_1d6731669c_tb1,repackage_idea,señal vs ruido,claridad,texto corto lado izquierdo + elemento visual lado derecho,evitar promesas absolutas y claims no verificables
cp_277_2571945115,cp_277_2571945115_tb1,tema clave,señal vs ruido,claridad,texto corto lado izquierdo + elemento visual lado derecho,evitar promesas absolutas y claims no verificables
cp_278_7465dfe1bf,cp_278_7465dfe1bf_tb1,repackage_idea,señal vs ruido,claridad,texto corto lado izquierdo + elemento visual lado derecho,evitar promesas absolutas y claims no verificables
cp_279_8d5cc50ef2,cp_279_8d5cc50ef2_tb1,repackage_idea,señal vs ruido,claridad,texto corto lado izquierdo + elemento visual lado derecho,evitar promesas absolutas y claims no verificables
cp_280_ebdea9a641,cp_280_ebdea9a641_tb1,tema clave,señal vs ruido,claridad,texto corto lado izquierdo + elemento visual lado derecho,evitar promesas absolutas y claims no verificables
cp_281_6f26eef145,cp_281_6f26eef145_tb1,repackage_idea,señal vs ruido,claridad,texto corto lado izquierdo + elemento visual lado derecho,evitar promesas absolutas y claims no verificables
cp_282_e4957e078c,cp_282_e4957e078c_tb1,repackage_idea,señal vs ruido,claridad,texto corto lado izquierdo + elemento visual lado derecho,evitar promesas absolutas y claims no verificables
cp_283_880b8b6027,cp_283_880b8b6027_tb1,repackage_idea,señal vs ruido,claridad,texto corto lado izquierdo + elemento visual lado derecho,evitar promesas absolutas y claims no verificables
cp_284_0c8454805e,cp_284_0c8454805e_tb1,repackage_idea,señal vs ruido,claridad,texto corto lado izquierdo + elemento visual lado derecho,evitar promesas absolutas y claims no verificables
cp_285_5bfac9c5ca,cp_285_5bfac9c5ca_tb1,tema clave,señal vs ruido,claridad,texto corto lado izquierdo + elemento visual lado derecho,evitar promesas absolutas y claims no verificables
cp_286_a7a51a7606,cp_286_a7a51a7606_tb1,repackage_idea,señal vs ruido,claridad,texto corto lado izquierdo + elemento visual lado derecho,evitar promesas absolutas y claims no verificables
cp_287_d07e7f7fda,cp_287_d07e7f7fda_tb1,repackage_idea,señal vs ruido,claridad,texto corto lado izquierdo + elemento visual lado derecho,evitar promesas absolutas y claims no verificables
cp_288_671c915d8f,cp_288_671c915d8f_tb1,repackage_idea,señal vs ruido,claridad,texto corto lado izquierdo + elemento visual lado derecho,evitar promesas absolutas y claims no verificables
cp_289_423f487d7b,cp_289_423f487d7b_tb1,repackage_idea,señal vs ruido,claridad,texto corto lado izquierdo + elemento visual lado derecho,evitar promesas absolutas y claims no verificables
cp_290_818cd679b9,cp_290_818cd679b9_tb1,repackage_idea,señal vs ruido,claridad,texto corto lado izquierdo + elemento visual lado derecho,evitar promesas absolutas y claims no verificables
cp_291_899089bd3d,cp_291_899089bd3d_tb1,tema clave,señal vs ruido,claridad,texto corto lado izquierdo + elemento visual lado derecho,evitar promesas absolutas y claims no verificables
cp_292_c1d65536a8,cp_292_c1d65536a8_tb1,repackage_idea,señal vs ruido,claridad,texto corto lado izquierdo + elemento visual lado derecho,evitar promesas absolutas y claims no verificables
cp_293_d4d847a6eb,cp_293_d4d847a6eb_tb1,repackage_idea,señal vs ruido,claridad,texto corto lado izquierdo + elemento visual lado derecho,evitar promesas absolutas y claims no verificables
cp_294_42cf5bd91a,cp_294_42cf5bd91a_tb1,repackage_idea,señal vs ruido,claridad,texto corto lado izquierdo + elemento visual lado derecho,evitar promesas absolutas y claims no verificables
cp_295_2c578cbb60,cp_295_2c578cbb60_tb1,repackage_idea,señal vs ruido,claridad,texto corto lado izquierdo + elemento visual lado derecho,evitar promesas absolutas y claims no verificables
cp_296_cf8ac6dd6f,cp_296_cf8ac6dd6f_tb1,repackage_idea,señal vs ruido,claridad,texto corto lado izquierdo + elemento visual lado derecho,evitar promesas absolutas y claims no verificables
cp_297_738aa27131,cp_297_738aa27131_tb1,repackage_idea,señal vs ruido,claridad,texto corto lado izquierdo + elemento visual lado derecho,evitar promesas absolutas y claims no verificables
cp_298_6d43a7f59f,cp_298_6d43a7f59f_tb1,repackage_idea,señal vs ruido,claridad,texto corto lado izquierdo + elemento visual lado derecho,evitar promesas absolutas y claims no verificables
cp_299_8da62f769c,cp_299_8da62f769c_tb1,repackage_idea,señal vs ruido,claridad,texto corto lado izquierdo + elemento visual lado derecho,evitar promesas absolutas y claims no verificables
cp_300_be7dd14006,cp_300_be7dd14006_tb1,repackage_idea,señal vs ruido,claridad,texto corto lado izquierdo + elemento visual lado derecho,evitar promesas absolutas y claims no verificables
cp_301_f60412e7ed,cp_301_f60412e7ed_tb1,repackage_idea,señal vs ruido,claridad,texto corto lado izquierdo + elemento visual lado derecho,evitar promesas absolutas y claims no verificables
cp_302_1b2458fcab,cp_302_1b2458fcab_tb1,repackage_idea,señal vs ruido,claridad,texto corto lado izquierdo + elemento visual lado derecho,evitar promesas absolutas y claims no verificables
cp_303_f460f017d9,cp_303_f460f017d9_tb1,repackage_idea,señal vs ruido,claridad,texto corto lado izquierdo + elemento visual lado derecho,evitar promesas absolutas y claims no verificables
cp_304_9e5e4ae68b,cp_304_9e5e4ae68b_tb1,repackage_idea,señal vs ruido,claridad,texto corto lado izquierdo + elemento visual lado derecho,evitar promesas absolutas y claims no verificables
cp_305_e108623242,cp_305_e108623242_tb1,repackage_idea,señal vs ruido,claridad,texto corto lado izquierdo + elemento visual lado derecho,evitar promesas absolutas y claims no verificables
cp_306_e410a41827,cp_306_e410a41827_tb1,repackage_idea,señal vs ruido,claridad,texto corto lado izquierdo + elemento visual lado derecho,evitar promesas absolutas y claims no verificables
cp_307_7c93cf1c69,cp_307_7c93cf1c69_tb1,repackage_idea,señal vs ruido,claridad,texto corto lado izquierdo + elemento visual lado derecho,evitar promesas absolutas y claims no verificables
cp_308_461610a6ec,cp_308_461610a6ec_tb1,repackage_idea,señal vs ruido,claridad,texto corto lado izquierdo + elemento visual lado derecho,evitar promesas absolutas y claims no verificables
cp_309_fd61e8fb3e,cp_309_fd61e8fb3e_tb1,tema clave,señal vs ruido,claridad,texto corto lado izquierdo + elemento visual lado derecho,evitar promesas absolutas y claims no verificables
cp_310_53a54da83a,cp_310_53a54da83a_tb1,repackage_idea,señal vs ruido,claridad,texto corto lado izquierdo + elemento visual lado derecho,evitar promesas absolutas y claims no verificables
cp_311_be68262739,cp_311_be68262739_tb1,repackage_idea,señal vs ruido,claridad,texto corto lado izquierdo + elemento visual lado derecho,evitar promesas absolutas y claims no verificables
cp_312_ca8b737bb5,cp_312_ca8b737bb5_tb1,tema clave,señal vs ruido,claridad,texto corto lado izquierdo + elemento visual lado derecho,evitar promesas absolutas y claims no verificables
cp_313_2afd894e17,cp_313_2afd894e17_tb1,tema clave,señal vs ruido,claridad,texto corto lado izquierdo + elemento visual lado derecho,evitar promesas absolutas y claims no verificables
cp_314_13baff72c4,cp_314_13baff72c4_tb1,repackage_idea,señal vs ruido,claridad,texto corto lado izquierdo + elemento visual lado derecho,evitar promesas absolutas y claims no verificables
cp_315_c94532e427,cp_315_c94532e427_tb1,repackage_idea,señal vs ruido,claridad,texto corto lado izquierdo + elemento visual lado derecho,evitar promesas absolutas y claims no verificables
cp_316_e9e8b5d026,cp_316_e9e8b5d026_tb1,tema clave,señal vs ruido,claridad,texto corto lado izquierdo + elemento visual lado derecho,evitar promesas absolutas y claims no verificables
cp_317_e85584096a,cp_317_e85584096a_tb1,repackage_idea,señal vs ruido,claridad,texto corto lado izquierdo + elemento visual lado derecho,evitar promesas absolutas y claims no verificables
cp_318_6631924f6b,cp_318_6631924f6b_tb1,repackage_idea,señal vs ruido,claridad,texto corto lado izquierdo + elemento visual lado derecho,evitar promesas absolutas y claims no verificables
cp_319_1208e28a37,cp_319_1208e28a37_tb1,repackage_idea,señal vs ruido,claridad,texto corto lado izquierdo + elemento visual lado derecho,evitar promesas absolutas y claims no verificables
cp_320_7304ab4c38,cp_320_7304ab4c38_tb1,tema clave,señal vs ruido,claridad,texto corto lado izquierdo + elemento visual lado derecho,evitar promesas absolutas y claims no verificables
cp_321_8eec7fb706,cp_321_8eec7fb706_tb1,tema clave,señal vs ruido,claridad,texto corto lado izquierdo + elemento visual lado derecho,evitar promesas absolutas y claims no verificables
cp_322_445d8f3c53,cp_322_445d8f3c53_tb1,repackage_idea,señal vs ruido,claridad,texto corto lado izquierdo + elemento visual lado derecho,evitar promesas absolutas y claims no verificables
cp_323_fb8d15cb38,cp_323_fb8d15cb38_tb1,tema clave,señal vs ruido,claridad,texto corto lado izquierdo + elemento visual lado derecho,evitar promesas absolutas y claims no verificables
cp_324_e0c68bfbd1,cp_324_e0c68bfbd1_tb1,tema clave,señal vs ruido,claridad,texto corto lado izquierdo + elemento visual lado derecho,evitar promesas absolutas y claims no verificables
cp_325_00dca635cf,cp_325_00dca635cf_tb1,tema clave,señal vs ruido,claridad,texto corto lado izquierdo + elemento visual lado derecho,evitar promesas absolutas y claims no verificables
cp_326_a3d192538e,cp_326_a3d192538e_tb1,tema clave,señal vs ruido,claridad,texto corto lado izquierdo + elemento visual lado derecho,evitar promesas absolutas y claims no verificables
cp_327_608e745998,cp_327_608e745998_tb1,repackage_idea,señal vs ruido,claridad,texto corto lado izquierdo + elemento visual lado derecho,evitar promesas absolutas y claims no verificables
cp_328_1d29258e88,cp_328_1d29258e88_tb1,repackage_idea,señal vs ruido,claridad,texto corto lado izquierdo + elemento visual lado derecho,evitar promesas absolutas y claims no verificables
cp_329_6686744d3e,cp_329_6686744d3e_tb1,repackage_idea,señal vs ruido,claridad,texto corto lado izquierdo + elemento visual lado derecho,evitar promesas absolutas y claims no verificables
cp_330_c018cf63b2,cp_330_c018cf63b2_tb1,tema clave,señal vs ruido,claridad,texto corto lado izquierdo + elemento visual lado derecho,evitar promesas absolutas y claims no verificables
cp_331_bc8407b678,cp_331_bc8407b678_tb1,repackage_idea,señal vs ruido,claridad,texto corto lado izquierdo + elemento visual lado derecho,evitar promesas absolutas y claims no verificables
cp_332_a001e99e09,cp_332_a001e99e09_tb1,repackage_idea,señal vs ruido,claridad,texto corto lado izquierdo + elemento visual lado derecho,evitar promesas absolutas y claims no verificables
cp_333_306a0f17df,cp_333_306a0f17df_tb1,tema clave,señal vs ruido,claridad,texto corto lado izquierdo + elemento visual lado derecho,evitar promesas absolutas y claims no verificables
cp_334_e948038420,cp_334_e948038420_tb1,repackage_idea,señal vs ruido,claridad,texto corto lado izquierdo + elemento visual lado derecho,evitar promesas absolutas y claims no verificables
cp_335_f8a19a47e2,cp_335_f8a19a47e2_tb1,repackage_idea,señal vs ruido,claridad,texto corto lado izquierdo + elemento visual lado derecho,evitar promesas absolutas y claims no verificables
cp_336_4d671e09ed,cp_336_4d671e09ed_tb1,repackage_idea,señal vs ruido,claridad,texto corto lado izquierdo + elemento visual lado derecho,evitar promesas absolutas y claims no verificables
cp_337_f5395b8a07,cp_337_f5395b8a07_tb1,tema clave,señal vs ruido,claridad,texto corto lado izquierdo + elemento visual lado derecho,evitar promesas absolutas y claims no verificables
cp_338_ad92cf8867,cp_338_ad92cf8867_tb1,tema clave,señal vs ruido,claridad,texto corto lado izquierdo + elemento visual lado derecho,evitar promesas absolutas y claims no verificables
cp_339_4f715ff986,cp_339_4f715ff986_tb1,tema clave,señal vs ruido,claridad,texto corto lado izquierdo + elemento visual lado derecho,evitar promesas absolutas y claims no verificables
cp_340_b7145f7e46,cp_340_b7145f7e46_tb1,repackage_idea,señal vs ruido,claridad,texto corto lado izquierdo + elemento visual lado derecho,evitar promesas absolutas y claims no verificables
cp_341_225791f2a8,cp_341_225791f2a8_tb1,tema clave,señal vs ruido,claridad,texto corto lado izquierdo + elemento visual lado derecho,evitar promesas absolutas y claims no verificables
cp_342_afc31998aa,cp_342_afc31998aa_tb1,repackage_idea,señal vs ruido,claridad,texto corto lado izquierdo + elemento visual lado derecho,evitar promesas absolutas y claims no verificables
cp_343_b958b630c1,cp_343_b958b630c1_tb1,tema clave,señal vs ruido,claridad,texto corto lado izquierdo + elemento visual lado derecho,evitar promesas absolutas y claims no verificables
cp_344_a9c218abfc,cp_344_a9c218abfc_tb1,repackage_idea,señal vs ruido,claridad,texto corto lado izquierdo + elemento visual lado derecho,evitar promesas absolutas y claims no verificables
cp_345_45959edb00,cp_345_45959edb00_tb1,repackage_idea,señal vs ruido,claridad,texto corto lado izquierdo + elemento visual lado derecho,evitar promesas absolutas y claims no verificables
cp_346_206b3cf8d0,cp_346_206b3cf8d0_tb1,repackage_idea,señal vs ruido,claridad,texto corto lado izquierdo + elemento visual lado derecho,evitar promesas absolutas y claims no verificables
cp_347_76b53d951b,cp_347_76b53d951b_tb1,repackage_idea,señal vs ruido,claridad,texto corto lado izquierdo + elemento visual lado derecho,evitar promesas absolutas y claims no verificables
cp_348_e4311e305e,cp_348_e4311e305e_tb1,tema clave,señal vs ruido,claridad,texto corto lado izquierdo + elemento visual lado derecho,evitar promesas absolutas y claims no verificables
cp_349_9cb45f214d,cp_349_9cb45f214d_tb1,tema clave,señal vs ruido,claridad,texto corto lado izquierdo + elemento visual lado derecho,evitar promesas absolutas y claims no verificables
cp_350_648d5c6a30,cp_350_648d5c6a30_tb1,repackage_idea,señal vs ruido,claridad,texto corto lado izquierdo + elemento visual lado derecho,evitar promesas absolutas y claims no verificables
cp_351_dd6842083f,cp_351_dd6842083f_tb1,repackage_idea,señal vs ruido,claridad,texto corto lado izquierdo + elemento visual lado derecho,evitar promesas absolutas y claims no verificables
cp_352_4672782647,cp_352_4672782647_tb1,repackage_idea,señal vs ruido,claridad,texto corto lado izquierdo + elemento visual lado derecho,evitar promesas absolutas y claims no verificables
cp_353_1b94f3d779,cp_353_1b94f3d779_tb1,repackage_idea,señal vs ruido,claridad,texto corto lado izquierdo + elemento visual lado derecho,evitar promesas absolutas y claims no verificables
cp_354_a3477b5592,cp_354_a3477b5592_tb1,repackage_idea,señal vs ruido,claridad,texto corto lado izquierdo + elemento visual lado derecho,evitar promesas absolutas y claims no verificables
